,Name
0,LORDKEK
1,PEPETRATION
2,NOFAPPEPE
3,PEPEBEEFTAXI
4,STILLPEPE
5,LUCKYPEPE
6,ONLYONEPEPE
7,JONGPEPE
8,DASHPEPE
9,PEPEPOPE
10,DARKPILLPEPE
11,FORTYTWOPEPE
12,CHERPEPEFOIL
13,PEPEVIAGRA
14,PEPELLUM
15,LOVEPEPETATO
16,PEPEGUN
17,TROUTPEPE
18,HERNIAPEPE
19,PEPEKACHU
20,PEPEMINING
21,RAREPEPE
22,HARDPEPEFORK
23,XOBLORTPEPE
24,MAGICPEPEYE
25,TRUMPRARE
26,DANKPEPE
27,PEPEBROS
28,IMWITHPEPE
29,DAOPEPEHACK
30,UFOPEPE
31,KEISERPEPE
32,GURUPEPE
33,PEPEPARTY
34,BUPEPE
35,HAIRPEPE
36,PEPEBOY
37,TLCPEPE
38,BANEPEPE
39,GOXPEPE
40,SHITCOINCARD
41,HYIPPEPE
42,PEPENATION
43,PEPEBONGSPHP
44,DEBATEPEPE
45,TOPCUCK
46,LEOPEPESCAM
47,HEISENPEPE
48,PEPELIBRARY
49,WINKELPEPE
50,HARAMPEPE
51,HOMERPEPE
52,PEPEPIZZA
53,CLUBPEPE
54,GRIMPEPE
55,ILLUMINATIPE
56,BINARYPEPE
57,TIMETRAVELPP
58,RICKANDPEPE
59,SELLOUTPEPE
60,EYEOFTHEPEPE
61,HORRORPEPE
62,BARRYPEPE
63,BACHELORPEPE
64,PEPEPOWERONE
65,PEPEPOWERTWO
66,PEPEBREEDER
67,RARECOINMEME
68,MORPHEUSPEPE
69,PEPECASTRO
70,ZEROWINGPEPE
71,PEPEROSS
72,DEXTERPEPE
73,PEPELEPEW
74,SONICPEPE
75,WEAREALLPEPE
76,PEPECRYSTAL
77,THEARCHIPEPE
78,PHEONIXPEPE
79,TRIPPYPEPE
80,LIAMPEPE
81,JUNSETHPEPE
82,RARECHAVEZ
83,BIGVERNPEPE
84,ZETAPEPE
85,ETHERPEPE
86,OPPPEPE
87,THOTHPEPE
88,HILLARYPEPE
89,PEPEGATES
90,GADSDENPEPE
91,RAREMRROBOT
92,SEAMANPEPE
93,EGGPLANTPEPE
94,SPACEDADDY
95,BOMINABLPEPE
96,REDPUTINPEPE
97,MYLITTLEPEPE
98,PEPEBUGGED
99,PEPENOPOULOS
100,RICFLAIRPEPE
101,PEPEALASSAD
102,PEPEMILLION
103,ZZTOPEPE
104,PUTINPEPE
105,DOGGYPUTIN
106,NOFUCKSPUTIN
107,FSBPUTINPEPE
108,TENPINPUTIN
109,JESUSPEPE
110,SANDWICHPEPE
111,TECHNOPEPE
112,BAPEPE
113,TSUPEPE
114,SMUGGLASSES
115,MARVINPEPE
116,PEPECOUNTER
117,EINSTEINPEPE
118,TUXPEPE
119,PEPEGOAT
120,PTSDPEPE
121,REPOPEPE
122,PEPEKONGBIGM
123,CIRCLEOFPEPE
124,JALAPEPE
125,PEPEPHONEHOM
126,PRIVATEPEPE
127,INCREDIEPEPE
128,DRATHPEPE
129,SALTANDPEPE
130,PEPERMIND
131,RPEPEARMANDO
132,NEONPEPE
133,MOONPEPE
134,CHYNAPEPE
135,RAREPEPESS
136,RAIRPEPE
137,FOLDERPEPE
138,JACKPOTPEPE
139,RGBPEPE
140,WILDPEPE
141,SCARFACEPEPE
142,DABPEPE
143,WHISKEYPEPE
144,UPINSMKPEPE
145,SLVPEPE
146,GLDPEPE
147,NASPEPE
148,MOBBPEPE
149,LEANPEPE
150,UNLUCKYPEPE
151,WOLONGPEPE
152,PEPEDARK
153,MONALISAPEPE
154,PEPEBURGUNDY
155,GADGETPEPE
156,HYPNOPEPE
157,THEMONAPEPE
158,EMPERORPEPE
159,MISSTURNPEPE
160,PRINCESSPEPE
161,PEPEFETT
162,HANPEPE
163,BEETLEPEPE
164,ZIKAPEPE
165,PEPEDANCE
166,PEPEVIDEODRO
167,RERERPERP
168,KILLARYPEPE
169,SALTYTADPEPE
170,SADMILKPEPE
171,PEPEINSHADES
172,DJPEPE
173,MCPEPE
174,PEPEONE
175,BBOYPEPE
176,RAREPEPESHOW
177,PEPESUS
178,STRIPERPEPE
179,RPEPEGOLDENR
180,MARINEPEINE
181,NICOSARKOS
182,BLOCKPEPE
183,PEPEPUFF
184,WANKSYPEPE
185,VERIFIEDPEPE
186,RPSILLYWALK
187,RAREPEPEDAO
188,RPJAILEXIT
189,HOTLINEPEPE
190,PEPEOFTHEUSA
191,SOGGYPEPE
192,PEPESSOU
193,BIGGIEPEPE
194,PEPEGIGA
195,SEVENBITPEPE
196,FSMPEPE
197,GODEMPEPE
198,KOJIPEPE
199,CHEECHPEPE
200,CHONGPEPE
201,PEPEPEANUTS
202,BITCOINPEPE
203,GRNDMSTRPEPE
204,SLENDERPEPE
205,PEPESMURF
206,HELOPEPE
207,PEPEKEN
208,DANPEPERIAN
209,PEPECHE
210,RUNDMP
211,PEPETHESOG
212,CANNEDPEPE
213,PEPEZOMBIE
214,FATHERPEPE
215,CNTRFLDPEPE
216,MONBOURARNO
217,UNCLEPEPE
218,CALLHOTPEPE
219,FRYPEPE
220,LITTLEBOPEPE
221,PEPEMINT
222,BURNINGPEPE
223,SNOTPEPE
224,PEPEDUCREUX
225,RAREPEPEFONZ
226,CONFUSEDPEPE
227,SENPAIPEPE
228,PEPEANON
229,SPESSMUHPEPE
230,PEPESHROOMS
231,PEPEGOLDRUSH
232,FAIRPEPE
233,TRAITORPEPE
234,SARUTOBIPEPE
235,FIREASSPEPE
236,PEPETRADER
237,LISKPPAPPEPE
238,WANTEDPEPE
239,PEPEASSANGE
240,REYPEPE
241,PEPEMONTOYA
242,ROLLINGPEPE
243,DAPPERPEPE
244,FRACTALPEPE
245,THEGODPEPE
246,PEPESQRPANTS
247,PEPESSANGE
248,PEPEJOSE
249,JACKOPEPE
250,PEPEJAPAN
251,THISISFINE
252,DATPEPE
253,NIGHTSATPEPE
254,BURNPEPE
255,PEEKABOOPEPE
256,THEANCAPEPE
257,PEPETACO
258,LONGNOSEPEPE
259,PEPENORRIS
260,PEPEMARLEY
261,BEACHPEPE
262,SLIMERPEPE
263,PEPECOWBELL
264,PEPEGREEN
265,PEPETARD
266,BLOWPEPE
267,THINPEPE
268,PEPEBURN
269,RETROPEPE
270,PEPEBURNED
271,PEPELEWINSKY
272,SUCHSHARE
273,QUEPASAPEPE
274,PEPEME
275,RPEPEGOJAIL
276,QUEGUAYPEPE
277,PEPEZ
278,PEPEGOTCHI
279,INNOCOINBOT
280,PEPERARE
281,SECURITYPEPE
282,WHERESPEPE
283,PEPETHEFIRST
284,PEPEHORROR
285,PEPEVOORHEES
286,COMEDYPEPE
287,PEPECENT
288,GAINSPEPE
289,SHININGPEPE
290,PEPA
291,ULTRAPEPE
292,NEOPEPE
293,PEPETUITY
294,ZZZZPEPE
295,PEPETIME
296,PEPEMANE
297,PEPERACCOON
298,PEPETODAMOON
299,SGTPEPE
300,MAOISMPEPE
301,PEPECAMO
302,BREATHEDPEPE
303,PEPETHUGLIFE
304,SIXTYSIXPEPE
305,PEPEARTISTE
306,ILOVEPEPE
307,DRILLPEPE
308,PEPEGRAVE
309,BULLYPEPE
310,PEPEDATA
311,PEPETHETROLL
312,FATPEPE
313,ZOOKOPEPE
314,MAOPEPE
315,PARTYPEPE
316,HANSEIPEPE
317,WPPEPE
318,PEPEADDICT
319,PINHEADPEPE
320,SHREMPEPE
321,NAPKINPEPE
322,PEPEFREEZE
323,PEPETREZOR
324,XMASPEPE
325,PEPEMARAUDER
326,RELAXPEPE
327,MATADORPEPE
328,BERNIEPEPE
329,GOSPELPEPE
330,RELATEPEPE
331,BONDPEPE
332,MONTYPEPE
333,KEKET
334,PICASSOPEPE
335,PEPENUMA
336,VANGOUGHPEPE
337,MATISSEPEPE
338,DALIPEPE
339,PEPEJIRAIYA
340,MIROPEPE
341,JOELOONEYBIN
342,LAUTRECPEPE
343,SURFINGPEPE
344,KUNISADAPEPE
345,XMASANTAPEPE
346,SECRETPEPE
347,PEPESITO
348,TRUMPEPE
349,PEPERICH
350,PWAPWAPWAPWA
351,SAMURAIPEPE
352,PEPELAND
353,PEPELENNON
354,PEPEHELP
355,MYRIADMPEPE
356,WHEELOFPEPE
357,PEPETANGCLAN
358,FUNPEPE
359,RPCAGENT
360,PEPETHEFROG
361,PEPERUS
362,NEWYEARPEPE
363,FRIENDSPEPE
364,PEPERFUME
365,PEPETSHIRT
366,GOTPEPESHIRT
367,BOSSHOGPEPE
368,CLASSICPEPE
369,TAKARAPEPE
370,ECCEPEPE
371,PROUDPEPEWIN
372,MASTROPEPE
373,PEPETUNADE
374,PEPEPOOR
375,PEPEPSI
376,PEPEOROCHI
377,RPEPERAMI
378,MURICAPEPE
379,JAKETHEPEPE
380,TIMEPEPE
381,LEPEWPEPE
382,RICHPEPEPOOR
383,UKIPEPE
384,MTPEPEMORE
385,HARRYPEPES
386,VOLDEPEPE
387,RADIOPEPE
388,PEPEHOUSE
389,RUBBERPEPE
390,PEPESPACE
391,STORYPEPE
392,PEPEMILEY
393,CUBEPEPE
394,STEALPEPE
395,MANDELPEPE
396,MASTEROFPEPE
397,MAPEPENEMR
398,OSKARPEPE
399,PEPEGANDHI
400,CICACOINPEPE
401,DDDPEPE
402,PREPEDATOR
403,PPKING
404,PEPOCALYPSE
405,SCORPEPE
406,PEPERRR
407,SANTAPEPE
408,PEPENACCI
409,PEPETRON
410,PEPEDEX
411,BITGIRLPEPE
412,PEPEDOTCOM
413,MAOZEPEPE
414,BLAINEPEPE
415,PEPEBRICK
416,REVOLUCIONAR
417,PROOFOFPEPE
418,TAJPEPE
419,RPDF
420,BOYSCLUBPEPE
421,RUBEUSPEPE
422,DUMBLEPEPE
423,BTCPEPE
424,LIKEPEPEBRO
425,PEPELOU
426,PEEPHOLEPEPE
427,PEPEASTRO
428,VONPEPEHAYEK
429,SITHLORDPEPE
430,PEPEALIEN
431,SUPERMANPEPE
432,BATMANPEPE
433,SPIDERMNPEPE
434,PEPEWEST
435,SKIINGPEPE
436,BRIGHTONPEPE
437,JMPEPEKEYNES
438,PEPEHUNGRY
439,PEPECONF
440,PIGPEPE
441,THELASTPEPE
442,PEPECITY
443,PEPEMAXAF
444,PEPESOUP
445,ICQPEPE
446,CRYPTOPEPE
447,WINSTONPEPE
448,PEPEBUCKS
449,BANKRUPTPEPE
450,NYANPEPE
451,PEPENUKES
452,DOLLARPEPE
453,KEKUI
454,RARESHADILAY
455,PEPESMALLS
456,PEPEENEUMAN
457,FREEMYPEPE
458,PEPEMARIOLR
459,PEPEMONROE
460,CHIKUNPEPE
461,PEPELAMBO
462,PEPERIDER
463,PEPEFATHER
464,SOCRATESPEPE
465,PEPEKART
466,EXCLUPEPE
467,PEPEBILL
468,LORDSHIVA
469,VICEPEPE
470,HULKPEPE
471,PEPELYNMASON
472,PEPEBIRTH
473,DORAETROLL
474,WIREDPEPE
475,PEPEMEETUPBK
476,POWERTOPEPE
477,PEPECAPCHA
478,NOBRAKESPEPE
479,PEPEFIFTYONE
480,RAREIVANKA
481,PEPEOUTSIDE
482,LEGOPEPE
483,BADHAIRDAY
484,PEPEFROMHELL
485,PEPESTARBOY
486,PEPELEVICH
487,PEPETRODOL
488,MARSPEPE
489,PEPESCIENCE
490,PEPELEO
491,PEPEXIT
492,PEPEPONY
493,THEPEPELIST
494,TODAMOONPEPE
495,SPHINXPEPE
496,PEPEWICKED
497,PEPETINDER
498,COLDPEPE
499,TREEOFPEPE
500,PEPEJOBS
501,RAGZTOPEPE
502,KARTANDPEPE
503,PEPESCAVHUNT
504,PAPILLON
505,PEPONG
506,USMCPEPE
507,GRAFFITIPEPE
508,SHREKPEPE
509,LORDOFMEMES
510,XPEPE
511,PEPEISLOVE
512,PEPEISPEACE
513,PEPERGRIFFIN
514,IRONPEPE
515,DOSPEPES
516,PEPEPIRATE
517,IWANTTOPEPE
518,CROPPEPE
519,GOTHICPEPE
520,MIRACLEPEPE
521,PEPETHAGORAS
522,PEPEBRANDO
523,PYTHONPEPE
524,NINJAPEPES
525,MONOPEPEOLY
526,PEPEGLOBE
527,THISPEPE
528,SOUNDOFPEPE
529,DIAVOLO
530,PEPEGOLDBAR
531,GOKUPEPE
532,PEPECOASTER
533,PEPECCOLO
534,DROPPEPE
535,PEPEGROOT
536,PEPENEWTON
537,PEPEYE
538,SHEMANPEPE
539,PEPEDUROV
540,BATBUTBOO
541,OLYMPICPEPE
542,PACPEPE
543,EARTHPEPE
544,RPDUMPSTER
545,PEPEMCLOVIN
546,GODDESSHEQET
547,MCPEPESCHER
548,SALVADORPEPE
549,PLATINUMPEPE
550,STARLORDKEK
551,PEPEKARLMARX
552,PEPEFLATION
553,CRYSTALPEPE
554,SHIALEBPEPE
555,PEPEOLDCHAP
556,PEPITCHY
557,FINNTHEPEPE
558,PEPEHEPBURN
559,PEPEFLESH
560,LORDGLEN
561,IRONMANPEPE
562,MEMETICMAGIC
563,TEAPEPE
564,MARTYPEPFLY
565,PEPEMORPHS
566,KEKSBASILISK
567,PEPEBREAKUP
568,PEPEWOKE
569,PEPEMACARONI
570,PEPEGLOVER
571,JINQIANSHU
572,NAPALMPEPE
573,TWEEKPEPE
574,PEPECOLLECT
575,CUBANPEPE
576,PEPEPUNCHOUT
577,PEPUNCONFIRM
578,PEPEDRAKE
579,BEWPEPE
580,PEPETEX
581,LETSTALKKEK
582,CNPEPE
583,PEPEKIM
584,MEMPOOLPEPE
585,DRSTRNGEPEPE
586,WISEPEPE
587,SATURDAYPEPE
588,PEPEAMD
589,HANGINPEPE
590,MINIONPEPE
591,RAREPEPEMAG
592,PEPELEMMING
593,PSYCHEPEPE
594,GODDESSISIS
595,PEPENORMIES
596,NEEDPEPE
597,PEPEVIRAL
598,RESERVPEPES
599,JUSTINTPEPE
600,PEPESTONED
601,PEPENAPOLEON
602,DEEZPEPENUTS
603,PEPEOTHERARM
604,PEPEIMPOSTOR
605,PEPEVICH
606,PEPERAMBO
607,PEPEMOVIE
608,FUTURESPEPE
609,BOGDAPEPE
610,THEPEPEWHALE
611,TUBBIES
612,MFPEPE
613,CPTMRICAPEPE
614,KEKPEPE
615,NEONFROGS
616,PEPEDAVID
617,FORBIDENPEPE
618,STATUEOFPEPE
619,GAIUSPEPEUS
620,PEPERAZZIS
621,PEPEPYRAMID
622,PEPEWAVE
623,PEPELOOP
624,SUPAPEPE
625,PROBLEMSOLVE
626,FLAPPYPEPE
627,DANKVADER
628,HOLYPEPE
629,LEVELUPPEPE
630,CHOCOPEPE
631,FISHERPEPE
632,PEPERETRO
633,CARCRASHPEPE
634,PEPEREQUEST
635,PEPEPAWNSHOP
636,PEPEHUANA
637,YOGAPEPE
638,PEPESWITCH
639,PPPGLOBAL
640,GODAMUNRA
641,GODANUBIS
642,LEGENDOFPEPE
643,RAREKEKUIT
644,RAREDIETIES
645,PEPETOWN
646,HANNIBALPEPE
647,PEPEILLUSION
648,GEISHAPEPE
649,FLUFFYPEPES
650,PEPEGAMBIT
651,PEPEWANTSYOU
652,DOUBLEPEPE
653,PEPEPAMPERS
654,SMUGPEPE
655,PEPEWATTS
656,ZOETROPEPE
657,PEPEANDFEELS
658,MCPEPEDEBUFF
659,GAUDISPEPE
660,PEPECLUB
661,KEYBOARDPEPE
662,MYPEPELITTLE
663,PEPEBERLUSCA
664,PEPEGOLUM
665,PEPEDIEPIE
666,PEPELANDER
667,THREEDPEPE
668,GRANDPEPE
669,PEPEART
670,PEPECREAM
671,KOIPEPE
672,PEPEBRICKJR
673,PEPERBOY
674,PEPETRASH
675,PLINKOPEPE
676,STAMPOFKEK
677,PEPETRAZ
678,MOAIPEPE
679,PEPEJONES
680,PEPENIKOLAI
681,NICOLAPEPE
682,SPCPEPEWOJAK
683,KATYPEPE
684,PEPEANGRY
685,RAREWOLFPEPE
686,PEPERECHAUN
687,CLCKWRKGREEN
688,CANTDRAWPEPE
689,MRPOTATOPEPE
690,BOFPEPE
691,ZENAFPEPE
692,KNITTEDPEPE
693,PEPEGODDESS
694,PEPESUPREME
695,PEPEPILLOW
696,PEPEKIDSART
697,ILLIDANPEPE
698,BANDAGEDPEPE
699,PEPEMAORI
700,PEPESKELETON
701,OWLPEPE
702,TWOPLYPEPE
703,PEPESHELDON
704,WESTERNPEPE
705,PEPEPOOL
706,GRANDPEPES
707,MADMAXPEPE
708,PEPESCHEME
709,BEHAPPYPEPE
710,PEPEGOTSWAG
711,SOLODADPEPE
712,SEAPEPE
713,GREEDYPEPES
714,DOGEVSPEPE
715,VEGGIEPEPE
716,PUZZLEPEPE
717,RARESLIMPEPE
718,GENIEPEPE
719,PISFORPEPE
720,PEPEBASQUIAT
721,THINKINGPEPE
722,PEPERREVENGE
723,PEPENOSAURUS
724,ROCKINGPEPE
725,PEPEFLECTION
726,PERAPPA
727,SEXAYEPEPE
728,SAVEPEPE
729,TRUMPWALL
730,PEPEPARADISE
731,PEPEAXEGANG
732,YOUCANPEPE
733,SERVALPEPE
734,HICKSPEPE
735,KEKRELOADED
736,RARELORDKEK
737,FRATPEPE
738,PEPERANGER
739,PEPERIVETER
740,MOONWAVEPEPE
741,FIGHTPEPE
742,MODERNPEPE
743,RUNTHEPEPE
744,PEPEHOFFMAN
745,THEPEPEKISS
746,KAPPAPEPE
747,PEPEDHARMA
748,PEPEDWARD
749,TRINITYPEPE
750,BENDERPEPE
751,PEPEROYAL
752,HEKET
753,PEPEUNIVERSE
754,SEGWITPEPE
755,WARRIORPEPE
756,BULBAPEPECRD
757,FRENCHPEPE
758,BILLNTEDPEPE
759,ROBOTPEPE
760,FULLMETALPEP
761,NMPPEPE
762,PEPEKEEPER
763,LEDZEPEPELIN
764,PEPESTYLE
765,PEPEFREQ
766,BBAEPEPE
767,ULTIMATEPEPE
768,THEVERYPEPE
769,PEPEHARDTALK
770,KEKVSMOLOCH
771,MISSPEPE
772,SMUGCHIPS
773,VENUSPEPE
774,RESURKEKTION
775,GOODNITEPEPE
776,MORNINGPEPE
777,GNUPEPE
778,PEPEGUEVARA
779,PEPESPIDER
780,BADLTPEPE
781,HWNDUPEPE
782,KEKWAVE
783,LEIAPEPE
784,LUPEPEN
785,SPIRITPEPE
786,PEPEVOLUTION
787,PUREPEPE
788,HIPPIEPEPE
789,PEPEMARKET
790,PEPERUSSIAN
791,PEPEGAIA
792,PEPEACE
793,LIBERPEPE
794,CRUSADERPEPE
795,MELANCHOLIA
796,PEPEAMCANI
797,PEPETERROR
798,OBEYPEPE
799,PEPEMINO
800,PEPEKYRIE
801,PEPEDZILLA
802,BADASSPEPE
803,MERKLETREEPE
804,WITCHBLADE
805,KEKTOPUS
806,DRDIRTYPEPE
807,SEGWTPEPE
808,ERDOPEPEGAN
809,PEPECHAININ
810,PEPEBEARD
811,SMITHPEPE
812,TOWEROFPEPE
813,PEPEDOTS
814,YETIPEPE
815,BOYZIIPEPE
816,PEPEOMUERTE
817,PEPEMOMWRATH
818,PEPEATARI
819,PEPI
820,RARESPURDO
821,PEPEARCHER
822,PEPENGHTMUM
823,PEPEHIGHTOWR
824,MNTNDWRVSMNG
825,PEPEBROKEBU
826,PEPEBEARWHLE
827,VSTRSSLBRTCH
828,TWNOFEVNGLST
829,PEPEASYSQUEZ
830,PIMENTOLOAF
831,BLKCHNJESUS
832,BTTLFTHESUBS
833,PEPEGUITAR
834,PEPERSSNRLTT
835,SHADEPEPE
836,PEPESPRAY
837,PEPEDEALWTHT
838,PEPESKATES
839,PEPEISOTTO
840,PEPEASTRONAT
841,PEPEZENMSTR
842,PEPEHELTEACH
843,PEPEJUDGE
844,PEPESCUBA
845,PEPEBRELLA
846,PEPEAUDIOPHL
847,PEPESYRINGE
848,PEPEORACLE
849,PEPEXMASBOY
850,PEPEFOCUSED
851,PEPEBUSYFLOR
852,CHUNRIPEPE
853,GODALIEN
854,ERISPEPE
855,JIHANWU
856,PEPENOFF
857,PEPELAMA
858,PEPECANCAN
859,PEPEHONDO
860,PEPENIETZSCH
861,STACYPEPE
862,PEPEJOANARC
863,NEUROPEPE
864,PEPECONCERT
865,RANDOMPEPE
866,PEPEKEK
867,CANNONPEPE
868,PEPEPUMPETTE
869,MIDIPEPE
870,KEKUIT
871,PEPEISUNITY
872,THEPEPEZONE
873,GUESSWHATPEP
874,PEPESHKRELI
875,PEPEXILE
876,VAPORMAGIC
877,PEPEHODLER
878,PEPEDON
879,PEPEFRENCH
880,THREERARE
881,DEEPWEBPEPE
882,FEELSGOODMAN
883,PEPERMAID
884,PEPEBALT
885,YAMATOPEPE
886,JOKERPEPEKEK
887,PEPEAUCTIOND
888,ONEPUNCHPEPE
889,PEPEZIO
890,THEJOYOFPEPE
891,MARIACHIPEPE
892,PEPEZILLA
893,NULLCPEPE
894,DOKUGANPEPE
895,XONOTICPEPE
896,WOKEPEPE
897,PEPEHOTEP
898,TRANSMEME
899,PEPETITAN
900,PEPLACE
901,MELANCOLIE
902,ROOMRAREPEPE
903,KABUKIPEPE
904,BUBREAKUP
905,PEPENCEPTION
906,PEPETIA
907,PUMPINGPEPE
908,PEPELSD
909,COVPEPERARE
910,CULTOFKEK
911,PEPEFRED
912,PUREGOLDPEPE
913,THESKYPEPE
914,LUCHAPEPE
915,PEPEFOBIA
916,PSYKEKDELIC
917,EAZYP
918,PEPELARGE
919,BOWLPEPE
920,KEKENESIS
921,NECROPEPE
922,FATPEPSLIM
923,KAMIKAZEPEPE
924,GAMEOFPEPE
925,PEPEXECUTIVE
926,PEPEJIRO
927,ICPEPE
928,BOWIEPEP
929,PEPEGIRL
930,KEROPEPE
931,LUKEJRPEPE
932,PEPEANDY
933,PEPEMAONE
934,HULAPEPE
935,MAUIPEPE
936,DUMMIES
937,DANNIBOIPEPE
938,PEPEHAMMER
939,TADPOLEPEPE
940,MUNETOPEPE
941,PEPETOPKEK
942,GAMEBOIPEPE
943,LIBERTYPEPE
944,ICARUSPEPE
945,SICKDEVPEPE
946,PEPEPLISSKEN
947,PBOCPEPE
948,PEPEBALL
949,PEPEGOP
950,PEPESURRECT
951,PEPETREK
952,PEPEREALM
953,PEPEGIGGITY
954,PEPEFALLOUT
955,MCGREGOR
956,BAGHOLDRPEPE
957,MAYWEATHPEPE
958,PEPETUUR
959,PEPOCKY
960,PEPERRIDA
961,PEPENAL
962,PEPEVINNY
963,PEPELVSD
964,PEPESUMO
965,WALLPEPE
966,PEPEKICKS
967,PEPEBOBBY
968,PEPEYOTES
969,PEPESOURCE
970,CINEKEK
971,EXKEKUTIONER
972,PEPEINTRO
973,PEPEPOET
974,CREWLOVEPEPE
975,DOGSALL
976,PEPELUFFY
977,PEPEHARING
978,PEPMONDRIAN
979,PEPEPALACE
980,MEMEFIGHTERS
981,MYSPEPE
982,ENGELPEPE
983,PEPENARUTO
984,PEPESAILOR
985,PEPENATTI
986,PMOPEPE
987,FIGHTSYSTEM
988,SQUATCHPEPE
989,SEXYLADYPEPE
990,MADARAPEPE
991,DONTBEMENACE
992,SCHROEPEPE
993,VINCEMCPEPE
994,PEPEMOTHRA
995,PEPEROGAN
996,MOBIUSPEPE
997,PEPESAIYAN
998,GTPEPE
999,DELOREANPEPE
1000,PEPEACIDTRIP
1001,EPEPESODEONE
1002,RABBIPEPE
1003,GUARDSASKIAN
1004,OPTIMUSPEPE
1005,DIERCHANCHU
1006,TAKAKO
1007,GUYBRUSH
1008,BARBARICPEPE
1009,HODLWOOD
1010,LOWRIDERPEPE
1011,PEPEAMANDA
1012,PEPETARO
1013,PEROCHI
1014,PEPESHADES
1015,ISEEYOUPEPE
1016,GNITEPEPE
1017,CYBERPEPE
1018,LIZZFACEPEPE
1019,PEPECARNIVAL
1020,PEPEDRAGO
1021,SANPOPEPE
1022,PEPEEVO
1023,WILEPEPE
1024,FEELSPEPE
1025,MODIPEPE
1026,PHNTOMOFPEPE
1027,PEPELITTLE
1028,PEPEHERO
1029,SPEPECTRE
1030,GETPEPEFREE
1031,ISOPEPE
1032,PEPEGOKU
1033,PEPEDRACULA
1034,PEPESCOOBY
1035,PEPEWATCH
1036,BUGSPEPE
1037,FLINTPEPE
1038,RICKYPEPE
1039,RINGITPEPE
1040,CINDERPEPE
1041,PEPEWONKA
1042,PEPEGROUNDS
1043,PEPELAVEY
1044,PEPESURF
1045,PEPEBRICCO
1046,PEPETERSON
1047,PEPEGHIDORAH
1048,BAYLOP
1049,TUPACPEP
1050,HAIKUPEPE
1051,PEPENGAROO
1052,HISTORICPEPE
1053,PEPESWORD
1054,PEPEHARU
1055,PEPESAMSON
1056,DECENTRAPEPE
1057,POKERPEPE
1058,PEPESPINNER
1059,PEPEAKI
1060,PEPEWYATT
1061,PEPESACE
1062,PEPETHUR
1063,KANDINSKYPEP
1064,PLAYBOYPEPE
1065,PEPESEARCH
1066,PEPEHOPE
1067,SOJOURNPEPE
1068,PEPERECALL
1069,PEPEWAT
1070,UKIYOEPEPE
1071,UZUMAKIPEPE
1072,PEPEDETCTVE
1073,KIGURUMIPEPE
1074,PEPEKAPARKER
1075,JOJOXPEPE
1076,DRAGONKEK
1077,PEPETHREESIX
1078,PEPEHOMER
1079,PEPEWHITE
1080,PEPELEVI
1081,PEPEICHIGO
1082,PEPEKARMA
1083,PEPECONTRACT
1084,PEPEARTHUR
1085,PEPEPOLLOCK
1086,LILMERMAID
1087,PEPEMEGAMAN
1088,CLIFFORDPEPE
1089,HLYPEPANCAKE
1090,PEPEPHARAON
1091,PEPECHAIRMAN
1092,KEKOFWAR
1093,SZECHUANPEPE
1094,FASTPEPE
1095,PEPECHARLES
1096,QPEPE
1097,PEPEDIRECTOR
1098,YAMAPEPE
1099,TOBIASPEPE
1100,SPEEDPEPE
1101,PEPEDJ
1102,PEPFICTION
1103,PEPEOLDTRADE
1104,MATSURIPEPE
1105,PEPEON
1106,PEPEFUYU
1107,PEPEHAND
1108,BERLINPEPE
1109,DARKSIDEPEPE
1110,ENTERTHEPEPE
1111,PEPEPENPEN
1112,PEPESPLANET
1113,PEPOLLO
1114,RINGOFPEPE
1115,STANPEPEE
1116,WHOAPEPE
1117,PEPEZEUS
1118,PEPESAKURA
1119,PEPEPORTRAIT
1120,PEPEANDSON
1121,MYFIRSTPEPE
1122,PEPEDROID
1123,CUBISTPEPE
1124,RPBANHAMMER
1125,RARECHERRY
1126,THEPEPENATOR
1127,FINNPEPE
1128,PEPEHUNTER
1129,PEPEFRACTAL
1130,FAIRYODDPEPE
1131,JASMINEPEPE
1132,PEPEJEANS
1133,PEPEAIRLINES
1134,TOMATOPEPE
1135,CEETHREEPEPE
1136,XCHAINPEPE
1137,RUBIXPEPE
1138,PEPEJOKER
1139,PEAKYPEPE
1140,BACKTOPEPE
1141,PEPEFMYLIFE
1142,PEPEA
1143,KPEPE
1144,PEPESINCITY
1145,PEPESUMMER
1146,PEPELMINING
1147,BEATLESPEPE
1148,KITANO
1149,PEPEMOM
1150,SCREAMPEPE
1151,VAULTBOYPEPE
1152,PEPEOLDCASH
1153,TETSUWANPEPE
1154,SMELLPEPE
1155,CREMAPEPE
1156,PEPEHEMAN
1157,YANAGINIPEPE
1158,GIPEPE
1159,HAPPYRAINY
1160,PEPEHOLOGRAM
1161,PEPEJORN
1162,UNCLEPEPESAM
1163,SAILMOONPEPE
1164,FUJINPEPE
1165,SENJUPEPE
1166,RAIJINPEPE
1167,WWFPEPE
1168,KUMADORIPEPE
1169,PEPEVANEYCK
1170,TITANICPEPE
1171,FEATHERSPEPE
1172,PEPEASTROBOY
1173,SWAROPEPE
1174,FTERTHERAIN
1175,VEGANPEPE
1176,PEPEBOW
1177,SLEEPINGPEPE
1178,PEPESHIELD
1179,PLEGO
1180,PEPEVANHALEN
1181,PEPERAILWAYS
1182,BATTLEPEPE
1183,PEPEAMAZING
1184,PEPENSTEIN
1185,FULMETALPEPE
1186,PEPELOUX
1187,NURSEPEPE
1188,PEPETONE
1189,VERYDOGEPEPE
1190,PEPELETTERA
1191,JPEPE
1192,THEKINGPEPE
1193,NOHPEPE
1194,PEPERONCINO
1195,PEPESTAFF
1196,HUMBLEPEPE
1197,CLAYPEPE
1198,RAREAPPLE
1199,PAWNTHELAMBO
1200,PENPEN
1201,ENDRACISMPE
1202,YUGUREPEPE
1203,VIKINGSPEPE
1204,PEPEPEARL
1205,PEPEINSIDE
1206,POSTMDRNPEPE
1207,PEPEFAMOUS
1208,NOBORDERPEPE
1209,PEPEANDROID
1210,PEPECOURAGE
1211,KUNGFUPEPE
1212,UMENIPEPE
1213,PEPEHITMAN
1214,BLINGBLING
1215,DAPHNIAPEPE
1216,FREETIBETPP
1217,FLATEARTH
1218,DEUSEXPEPE
1219,FILEONPEPE
1220,GLUTTONYPEPE
1221,ORTRAILPEPE
1222,PEPEDOL
1223,PEPEAGYO
1224,FLOWERPEPE
1225,PEPEGRAM
1226,MINDPEPEHOFF
1227,PEPELCHTNSTN
1228,ROTATINGPEPE
1229,RONINKEK
1230,PACPEP
1231,PEPESIGNGUY
1232,WEEDTIME
1233,PEPESAILORV
1234,SODAPEPENSKI
1235,PEPEBUSTER
1236,MYSTERYPEPE
1237,PEPEJUICE
1238,GAMESOFTRUMP
1239,QQPEPE
1240,JJPEPE
1241,KKPEPE
1242,KEKLORDGABEN
1243,MYLADYPEPE
1244,VANILLAPEPE
1245,PEPEUNGYO
1246,RAINYPEPE
1247,RAMBOPEPE
1248,JAPANESEPEPE
1249,MRSTAYPEPT
1250,PEPEDDIT
1251,PEPEYAKUZA
1252,NAMIDAPEPE
1253,DRUNKENPEPE
1254,DEGENERPEPE
1255,CUPIDPEPE
1256,SAKURANIPEPE
1257,PEPEFICRIM
1258,NATIVEPEPETH
1259,TALESPEPE
1260,THUNDERPEPS
1261,PEPEAFRIKA
1262,PEPEAIR
1263,TAKOPEPE
1264,PEPESTORM
1265,SEASIDEPEPE
1266,TEMPURAPEPE
1267,VINTAGEPEP
1268,PEKMAN
1269,PEPEBOUNTY
1270,PEPECINDERS
1271,PEPEDRYAD
1272,PEPAPINUP
1273,PEPEPET
1274,MONEYPEPE
1275,PEPEZONCARD
1276,FROGBUS
1277,PEPESAX
1278,PEPEIMPOSER
1279,PEPEMANTIS
1280,PEPEKIDROBOT
1281,PEPETIE
1282,BEATPEPE
1283,PEPEDUCK
1284,KAWAPEPE
1285,PEPELEGOMAN
1286,YUMMYPEPE
1287,PENIC
1288,PEPETIN
1289,PEPELIKE
1290,PEPEKNIEVEL
1291,FRESHPEPE
1292,BOBDOBBS
1293,KINGYOPEPE
1294,PEPEJERICHO
1295,SUSUKINIPEPE
1296,PEPEWORLDCUP
1297,PEPESURFING
1298,MASTERSPEPE
1299,WORLDOFPEPE
1300,FLYINGACEPEP
1301,PSEUDOPEPE
1302,CLOWNPEPE
1303,PEPENIN
1304,PEPEJPN
1305,COLORPEPE
1306,LILUPEPE
1307,PEPEGETABLE
1308,ENGLISHPEPE
1309,MATSUNIPEPE
1310,MAXPEPE
1311,PEPEBANDICUT
1312,PEPEDARKSIDE
1313,PEPEFOREVER
1314,PEPTARO
1315,PROCESSPEPE
1316,SELFPORTRAIT
1317,PEPELINK
1318,PEPECIGARS
1319,PROPHECYPEPE
1320,PEPEPUNKDOLL
1321,CHINAPEPE
1322,PEPERIKISHI
1323,BETTYPEPE
1324,PEPEBASS
1325,PEPESCREAM
1326,GTAPEP
1327,KICKPEPE
1328,PEPEXGALLERY
1329,PUNCHPEPE
1330,PEPEYIP
1331,MANDARAPEPE
1332,KEKANC
1333,PEPEUN
1334,GOLDGODPEPE
1335,RARETEMPLATE
1336,PAKALOLO
1337,PEPEAA
1338,JOKERPE
1339,WAMPUMPEPE
1340,PEPECGYVER
1341,PEPLACERESLT
1342,PEPEZAALBINO
1343,PEPEAN
1344,DOMPEPENON
1345,PEPECLOKWORK
1346,PEPESHIRT
1347,JONSNOWPEPE
1348,PEPEPEACE
1349,PEPERAKUL
1350,MRHANSEL
1351,PEPEHEFNER
1352,LONELYPEPE
1353,MIKOPEPE
1354,NINJAPEPE
1355,PEPEIRI
1356,PEPEWOMAN
1357,GOODBYEPEPE
1358,MONSTERPEPE
1359,PEPETSAMURAI
1360,PEPEIRON
1361,PEPEBANG
1362,SANDORPEPE
1363,GANGPEPE
1364,UNGAISOUTEN
1365,CARTOONPEPE
1366,PEPETE
1367,PEPEARROW
1368,KEKALITY
1369,REAPERPEPE
1370,HYPNOTIST
1371,PEPMANIA
1372,BACKPAGEPEPE
1373,PEPENOMIST
1374,PEPETTER
1375,PEPEBRIEFS
1376,SATOSHIRARE
1377,PIRATESPEPES
1378,PEPEBRAIN
1379,DOTPEPE
1380,PEPEFORM
1381,VIRUSPEPE
1382,TRANSPOSE
1383,KEKRESURRECT
1384,NAHUAL
1385,TIKIPEPE
1386,SHADILOUNGE
1387,EMBRYOPEPE
1388,MIYAKO
1389,INVISIBLPEPE
1390,YELLPEPE
1391,PEPEAKIBA
1392,PEPECAFFE
1393,SPACEMOUTH
1394,LIGHTITON
1395,CRYPTOPEPES
1396,THEPEPEHOFF
1397,PEPELOCATION
1398,SPADESPEPE
1399,UGANDANPEPE
1400,GROYPMAN
1401,PEPEHAWKING
1402,HODLERPEPE
1403,PEPENNATOR
1404,BULLSEYEPEPE
1405,JANDPEPE
1406,MMXVIII
1407,KEKOGGS
1408,GROYLEX
1409,HEARTSPEPE
1410,PEPECLOCK
1411,PEPEPEACOCK
1412,RAREGROYPER
1413,WEREWOLFKEK
1414,PEPETAXMAN
1415,PEPEWISHPERS
1416,PEPEWAY
1417,OUIJAPEPE
1418,INDIANAPEPE
1419,SHININGXPEPE
1420,NIGHTKINGPEP
1421,RAREPEGO
1422,KEKEVOLUTION
1423,PEPEDARWIN
1424,GROYPAUCTION
1425,JURASSICKEK
1426,CONSPIRATARD
1427,PEPEKK
1428,PEPEJ
1429,GROYPERMONKY
1430,PEPEKITTIES
1431,LITTLEGREEN
1432,COINEATER
1433,PEPEDAUGHTER
1434,MAJESTYPEPE
1435,CALMHODLPEPE
1436,MEGAPEPEMAN
1437,PEDURO
1438,PEPESTRY
1439,MRTALPHA
1440,PEPEROCKWELL
1441,CACTUSPEPE
1442,POWH
1443,ROCKETPEPE
1444,PEPEANGEL
1445,HORRORCOIN
1446,FLAMINPEPE
1447,KFPEPE
1448,PEPECAKEK
1449,PEPESINLOVE
1450,PEPEXMAS
1451,WITCHPEPE
1452,DIAMONDSPEPE
1453,LEIAORGAPEPE
1454,PAXOLOTL
1455,PEPEAMANIA
1456,PEPEFLIES
1457,PEPEPOST
1458,PIRATPEPE
1459,PEPEMICO
1460,BCCPEPE
1461,THENEWYORKEK
1462,BARBARIANPEP
1463,CLUBSPEPE
1464,ECLIPTICPEPE
1465,PEPEBOSCH
1466,PEPEKFC
1467,CERSEIPEPE
1468,HOODEDPEPE
1469,PSYCHICPEPE
1470,RARELEAGUE
1471,PEPEMNEMONIC
1472,SKULLPEPE
1473,MERMAIDPEPE
1474,PEPEMOJI
1475,PEPEPARIETAL
1476,PEPEOPOLIS
1477,PEPEPRAKEK
1478,SPACECOOKIE
1479,PEPEQQ
1480,EGGPLANTMKNY
1481,ONEEYEMONKEY
1482,SISTNCHAPEPE
1483,FAIRYCASH
1484,PEPENOK
1485,GROYPERTL
1486,TSUNADE
1487,SUCKMYPEPE
1488,REALPEPEOFBH
1489,PEPEROOTS
1490,TRAININGT
1491,SALVATORPEPE
1492,GROYONOMICON
1493,BADWISHES
1494,RAREQUEEM
1495,JUDYPEPE
1496,HODLPEPECASH
1497,PEPECAGE
1498,COBAINPEPE
1499,PEPEMIND
1500,PEPECART
1501,RAOULDUKEPEP
1502,WAYPEPE
1503,PEPEPRINT
1504,PEPETOBI
1505,CHUWAPEPE
1506,RAREINKONE
1507,PEPEHONGKONG
1508,PEPEVYPER
1509,BODYBACKPEPE
1510,MURASAKIPEPE
1511,PUFFPEPE
1512,MARGINED
1513,PEPEGRAFFITI
1514,FORKPEPE
1515,BABERUTHPEPE
1516,OROCHIPEPE
1517,ROADMAPEPE
1518,PEPEMUACK
1519,STORMYTRUMP
1520,KEKMONTECRLO
1521,KEKFURY
1522,FFFFFFFFFFFF
1523,PEPEAFRIKEK
1524,NATTYALPHA
1525,PEPEKUN
1526,CARLOSPEPE
1527,GROYPERDB
1528,PEPETRO
1529,BEAUTYPEPE
1530,PAJAMASPEPE
1531,PECTERIA
1532,PEPEDICK
1533,PEPETOULLE
1534,PEPETHOR
1535,PEPERCULESS
1536,SICKPEPE
1537,GERPER
1538,BOOGERPEPE
1539,HUCKAPEPE
1540,SAKURAPENPEN
1541,GROYAPEPE
1542,BREITBARTPEP
1543,GIANCARLO
1544,CYBERPEP
1545,CAPEPELE
1546,SMALLRATPEPE
1547,PEPEUBU
1548,RARELEE
1549,PEPEOLDONE
1550,ILUMINATRARE
1551,GAMABUNTA
1552,NBAPEPE
1553,PEPEMERMAN
1554,PEPEDRINO
1555,PEPETAR
1556,CHERRYONTOP
1557,GAMBITPEPE
1558,GUNSNPEPES
1559,HARAKIRIPEPE
1560,PEPEDINHO
1561,YODAPEPE
1562,PEPERAREPEPE
1563,CRIMINALPEPE
1564,RARECARDDECK
1565,PEPEJACKSON
1566,XENOPEPE
1567,RAREPEPENOTE
1568,BATMANNPEPE
1569,ITPEPE
1570,CHECKPEPE
1571,EATEPEPE
1572,PEPEMASK
1573,PEPESKEK
1574,PINCHAN
1575,PEPECEZANNE
1576,PEPEBUZZ
1577,PEPESGYM
1578,JORDANPEPE
1579,KEKKETY
1580,MILLIONAIRPP
1581,PEPEJOCKER
1582,STONEPEPE
1583,PEPEDESIGN
1584,PEPENEON
1585,PEPEIT
1586,THEKING
1587,PEPEHUNDRED
1588,RPEPE
1589,RAREZOMBIE
1590,RAREPOTTER
1591,KYUDOPEPE
1592,PEBBLEE
1593,NOBUSHIPEPE
1594,PEPEDPOOL
1595,THEMASKRARE
1596,PEPENICTESLA
1597,PEPEFURIOUS
1598,PEPEGROYA
1599,PEPERELOADED
1600,RAREPITUFINA
1601,PEPEAVENGER
1602,PEPEACTION
1603,PEPENAUT
1604,PEPCASSO
1605,PEPEFARMER
1606,PEPENDRIX
1607,RANGOPEPE
1608,ZAZENPEPE
1609,PEPEELITE
1610,PENNYPEPE
1611,YODAPEP
1612,SPOCKPEPE
1613,SNOWMANPEPE
1614,SEDUSAPEP
1615,PEPEREME
1616,JOLIELEGPEPE
1617,PEPELIBRIUM
1618,WORLDPEPEHD
1619,KRUEGERPEPE
1620,TWOWEEKSPEPE
1621,PRISONERPEPE
1622,PYJAMASPEPE
1623,LILROCKETMAN
1624,UBUNTUPEPE
1625,MATRYOSHKAPP
1626,PEPALISA
1627,PEPEMIRO
1628,UNDEADPEPE
1629,KUNAIKEK
1630,PEPEADDICTS
1631,PEBAY
1632,PEPEPEEPS
1633,XIPEPE
1634,SHAKAPEPE
1635,BULBEGAR
1636,THELAWNMOWER
1637,PICKLEPEPE
1638,OMEGAPEPE
1639,GENPEPE
1640,MOONPEPESUN
1641,PEPBOT
1642,FASHIONPEP
1643,PEPEGIANT
1644,KATPEPA
1645,ONSENPEPE
1646,KINGRINGPEPE
1647,HINAMATSURI
1648,PEPEBUSHIDO
1649,DAWNOTHEPEPE
1650,MUPEPETS
1651,PEPAGEISHA
1652,CAMPINGPEPE
1653,SPACEXPEPE
1654,PECATRINA
1655,MCGROYPER
1656,WITCHRARE
1657,PEPEBALLOON
1658,PEFUNGUS
1659,DELUXEPEPEHD
1660,PEPEFANTASY
1661,PEPEPAIDCARD
